ifct_code,group_code,group_name,dataset_scope,official_label,source_table,extraction_method,review_status,review_note
A001,A,Cereals and Millets,core_table_1,"Amaranth seed, black (Amaranthus cruentus)",Table 1,direct_extract,reviewed,
A002,A,Cereals and Millets,core_table_1,"Amaranth seed, pale brown (Amaranthus cruentus)",Table 1,manual_reviewed_wrapped_row,reviewed,
A003,A,Cereals and Millets,core_table_1,Bajra (Pennisetum typhoideum),Table 1,direct_extract,reviewed,
A004,A,Cereals and Millets,core_table_1,Barley (Hordeum vulgare),Table 1,direct_extract,reviewed,
A005,A,Cereals and Millets,core_table_1,Jowar (Sorghum vulgare),Table 1,direct_extract,reviewed,
A006,A,Cereals and Millets,core_table_1,"Maize, dry (Zea mays)",Table 1,direct_extract,reviewed,
A007,A,Cereals and Millets,core_table_1,"Maize, tender, local (Zea mays)",Table 1,direct_extract,reviewed,
A008,A,Cereals and Millets,core_table_1,"Maize, tender, sweet (Zea mays)",Table 1,direct_extract,reviewed,
A009,A,Cereals and Millets,core_table_1,Quinoa(Chenopodium quinoa),Table 1,direct_extract,reviewed,
A010,A,Cereals and Millets,core_table_1,Ragi (Eleusine coracana),Table 1,direct_extract,reviewed,
A011,A,Cereals and Millets,core_table_1,Rice flakes (Oryza sativa ),Table 1,direct_extract,reviewed,
A012,A,Cereals and Millets,core_table_1,Rice puffed (Oryza sativa ),Table 1,direct_extract,reviewed,
A013,A,Cereals and Millets,core_table_1,"Rice, raw, brown (Oryza sativa )",Table 1,direct_extract,reviewed,
A014,A,Cereals and Millets,core_table_1,"Rice, parboiled, milled (Oryza sativa )",Table 1,direct_extract,reviewed,
A015,A,Cereals and Millets,core_table_1,"Rice, raw, milled (Oryza sativa )",Table 1,direct_extract,reviewed,
A016,A,Cereals and Millets,core_table_1,Samai (Panicum miliare),Table 1,direct_extract,reviewed,
A017,A,Cereals and Millets,core_table_1,Varagu (Paspalum scrobiculatum),Table 1,direct_extract,reviewed,
A018,A,Cereals and Millets,core_table_1,"Wheat flour, refined (Triticum aestivum)",Table 1,direct_extract,reviewed,
A019,A,Cereals and Millets,core_table_1,"Wheat flour, atta (Triticum aestivum)",Table 1,direct_extract,reviewed,
A020,A,Cereals and Millets,core_table_1,"Wheat, whole (Triticum aestivum)",Table 1,direct_extract,reviewed,
A021,A,Cereals and Millets,core_table_1,"Wheat, bulgur (Triticum aestivum)",Table 1,direct_extract,reviewed,
A022,A,Cereals and Millets,core_table_1,"Wheat, semolina (Triticum aestivum)",Table 1,direct_extract,reviewed,
A023,A,Cereals and Millets,core_table_1,"Wheat, vermicelli (Triticum aestivum)",Table 1,direct_extract,reviewed,
A024,A,Cereals and Millets,core_table_1,"Wheat, vermicelli, roasted (Triticum aestivum)",Table 1,direct_extract,reviewed,
B001,B,Grain Legumes,core_table_1,"Bengal gram, dal (Cicer arietinum)",Table 1,direct_extract,reviewed,
B002,B,Grain Legumes,core_table_1,"Bengal gram, whole (Cicer arietinum)",Table 1,direct_extract,reviewed,
B003,B,Grain Legumes,core_table_1,"Black gram, dal (Phaseolus mungo)",Table 1,direct_extract,reviewed,
B004,B,Grain Legumes,core_table_1,"Black gram, whole (Phaseolus mungo)",Table 1,direct_extract,reviewed,
B005,B,Grain Legumes,core_table_1,"Cowpea, brown (Vigna catjang)",Table 1,direct_extract,reviewed,
B006,B,Grain Legumes,core_table_1,"Cowpea, white (Vigna catjang)",Table 1,direct_extract,reviewed,
B007,B,Grain Legumes,core_table_1,"Field bean, black (Phaseolus vulgaris)",Table 1,direct_extract,reviewed,
B008,B,Grain Legumes,core_table_1,"Field bean, brown (Phaseolus vulgaris)",Table 1,direct_extract,reviewed,
B009,B,Grain Legumes,core_table_1,"Field bean, white (Phaseolus vulgaris)",Table 1,direct_extract,reviewed,
B010,B,Grain Legumes,core_table_1,"Green gram, dal (Vigna radiata)",Table 1,direct_extract,reviewed,
B011,B,Grain Legumes,core_table_1,"Green gram, whole (Vigna radiata)",Table 1,direct_extract,reviewed,
B012,B,Grain Legumes,core_table_1,"Horse gram, whole (Dolichos biflorus)",Table 1,direct_extract,reviewed,
B013,B,Grain Legumes,core_table_1,Lentil dal (Lens culinaris),Table 1,direct_extract,reviewed,
B014,B,Grain Legumes,core_table_1,"Lentil whole, brown (Lens culinaris)",Table 1,direct_extract,reviewed,
B015,B,Grain Legumes,core_table_1,"Lentil whole, yellowish (Lens culinaris)",Table 1,direct_extract,reviewed,
B016,B,Grain Legumes,core_table_1,Moth bean (Vigna aconitifolia),Table 1,direct_extract,reviewed,
B017,B,Grain Legumes,core_table_1,"Peas, dry (Pisum sativum)",Table 1,direct_extract,reviewed,
B018,B,Grain Legumes,core_table_1,"Rajmah, black (Phaseolus vulgaris)",Table 1,direct_extract,reviewed,
B019,B,Grain Legumes,core_table_1,"Rajmah, brown (Phaseolus vulgaris)",Table 1,direct_extract,reviewed,
B020,B,Grain Legumes,core_table_1,"Rajmah, red (Phaseolus vulgaris)",Table 1,direct_extract,reviewed,
B021,B,Grain Legumes,core_table_1,"Red gram, dal (Cajanus cajan)",Table 1,direct_extract,reviewed,
B022,B,Grain Legumes,core_table_1,"Red gram, whole (Cajanus cajan)",Table 1,direct_extract,reviewed,
B023,B,Grain Legumes,core_table_1,Ricebean (Vigna umbellata),Table 1,direct_extract,reviewed,
B024,B,Grain Legumes,core_table_1,"Soybean, brown (Glycine max)",Table 1,direct_extract,reviewed,
B025,B,Grain Legumes,core_table_1,"Soybean, white (Glycine max)",Table 1,direct_extract,reviewed,
C001,C,Green Leafy Vegetables,core_table_1,Agathi leaves (Sesbania grandiflora),Table 1,direct_extract,reviewed,
C002,C,Green Leafy Vegetables,core_table_1,"Amaranth leaves, green (Amaranthus gangeticus)",Table 1,direct_extract,reviewed,
C003,C,Green Leafy Vegetables,core_table_1,"Amaranth leaves, red (Amaranthus gangeticus)",Table 1,direct_extract,reviewed,
C004,C,Green Leafy Vegetables,core_table_1,"Amaranth leaves, red and green mix (Amaranthus gangeticus)",Table 1,manual_reviewed_wrapped_row,reviewed,
C005,C,Green Leafy Vegetables,core_table_1,"Amaranth spined, leaves, green (Amaranthus spinosus)",Table 1,manual_reviewed_wrapped_row,reviewed,
C006,C,Green Leafy Vegetables,core_table_1,"Amaranth spined, leaves, red and green mix (Amaranthus spinosus)",Table 1,manual_reviewed_wrapped_row,reviewed,
C007,C,Green Leafy Vegetables,core_table_1,Basella leaves (Basella alba),Table 1,direct_extract,reviewed,
C008,C,Green Leafy Vegetables,core_table_1,Bathua leaves (Chenopodium album),Table 1,direct_extract,reviewed,
C009,C,Green Leafy Vegetables,core_table_1,Beet greens (Beta vulgaris),Table 1,direct_extract,reviewed,
C010,C,Green Leafy Vegetables,core_table_1,"Betel leaves, big (Kolkata) (Piper betle)",Table 1,direct_extract,reviewed,
C011,C,Green Leafy Vegetables,core_table_1,"Betel leaves, small (Piper betle)",Table 1,direct_extract,reviewed,
C012,C,Green Leafy Vegetables,core_table_1,Brussels sprouts (Brassica oleracea var. gemmifera),Table 1,manual_reviewed_wrapped_row,reviewed,
C013,C,Green Leafy Vegetables,core_table_1,"Cabbage, Chinese (Brassica rupa)",Table 1,direct_extract,reviewed,
C014,C,Green Leafy Vegetables,core_table_1,"Cabbage, collard greens (Brassica oleracea var. viridis)",Table 1,manual_reviewed_wrapped_row,reviewed,
C015,C,Green Leafy Vegetables,core_table_1,"Cabbage, green (Brassica oleracea var. capitata f. alba)",Table 1,manual_reviewed_wrapped_row,reviewed,
C016,C,Green Leafy Vegetables,core_table_1,"Cabbage, violet (Brassica oleracea var. capitata f. rubra)",Table 1,manual_reviewed_wrapped_row,reviewed,
C017,C,Green Leafy Vegetables,core_table_1,Cauliflower leaves (Brassica oleracea var. botrytis),Table 1,manual_reviewed_wrapped_row,reviewed,
C018,C,Green Leafy Vegetables,core_table_1,"Colocasia leaves, green (Colocasia esculenta)",Table 1,direct_extract,reviewed,
C019,C,Green Leafy Vegetables,core_table_1,Drumstick leaves (Moringa oleifera),Table 1,direct_extract,reviewed,
C020,C,Green Leafy Vegetables,core_table_1,Fenugreek leaves (Trigonella foenum graecum),Table 1,direct_extract,reviewed,
C021,C,Green Leafy Vegetables,core_table_1,Garden cress (Lepidium sativum),Table 1,direct_extract,reviewed,
C022,C,Green Leafy Vegetables,core_table_1,"Gogu leaves, green (Hibiscus cannabinus)",Table 1,direct_extract,reviewed,
C023,C,Green Leafy Vegetables,core_table_1,"Gogu leaves, red (Hibiscus cannabinus)",Table 1,direct_extract,reviewed,
C024,C,Green Leafy Vegetables,core_table_1,"Knol-Khol, leaves (Brassica oleracea var. gongylodes)",Table 1,manual_reviewed_wrapped_row,reviewed,
C025,C,Green Leafy Vegetables,core_table_1,Lettuce (Lactuca sativa),Table 1,direct_extract,reviewed,
C026,C,Green Leafy Vegetables,core_table_1,Mustard leaves (Brassica juncea),Table 1,direct_extract,reviewed,
C027,C,Green Leafy Vegetables,core_table_1,Pak Choi leaves (Brassica rapa var. chinensis),Table 1,direct_extract,reviewed,
C028,C,Green Leafy Vegetables,core_table_1,Parsley (Petroselinum crispum),Table 1,direct_extract,reviewed,
C029,C,Green Leafy Vegetables,core_table_1,Ponnaganni (Alternanthera sessilis),Table 1,direct_extract,reviewed,
C030,C,Green Leafy Vegetables,core_table_1,"Pumpkin leaves, tender (Cucurbita maxima)",Table 1,direct_extract,reviewed,
C031,C,Green Leafy Vegetables,core_table_1,Radish leaves (Raphanus sativus),Table 1,direct_extract,reviewed,
C032,C,Green Leafy Vegetables,core_table_1,Rumex leaves (Rumex patientia),Table 1,direct_extract,reviewed,
C033,C,Green Leafy Vegetables,core_table_1,Spinach (Spinacia oleracea),Table 1,direct_extract,reviewed,
C034,C,Green Leafy Vegetables,core_table_1,"Tamarind leaves, tender (Tamarindus indica)",Table 1,direct_extract,reviewed,
D001,D,Other Vegetables,core_table_1,Ash gourd (Benincasa hispida),Table 1,direct_extract,reviewed,
D002,D,Other Vegetables,core_table_1,"Bamboo shoot, tender (Bambusa vulgaris)",Table 1,direct_extract,reviewed,
D003,D,Other Vegetables,core_table_1,"Bean scarlet, tender (Phaseolus coccineus)",Table 1,direct_extract,reviewed,
D004,D,Other Vegetables,core_table_1,"Bitter gourd, jagged, teeth ridges, elongate (Momordica charantia)",Table 1,manual_reviewed_wrapped_row,reviewed,
D005,D,Other Vegetables,core_table_1,"Bitter gourd, jagged, teeth ridges, short (Momordica charantia)",Table 1,manual_reviewed_wrapped_row,reviewed,
D006,D,Other Vegetables,core_table_1,"Bitter gourd, jagged, smooth ridges, elongate (Momordica charantia)",Table 1,manual_reviewed_wrapped_row,reviewed,
D007,D,Other Vegetables,core_table_1,"Bottle gourd, elongate, pale green (Lagenaria vulgaris)",Table 1,manual_reviewed_wrapped_row,reviewed,
D008,D,Other Vegetables,core_table_1,"Bottle gourd, round, pale green (Lagenaria vulgaris)",Table 1,manual_reviewed_wrapped_row,reviewed,
D009,D,Other Vegetables,core_table_1,"Bottle gourd, elongate, dark green (Lagenaria vulgaris)",Table 1,manual_reviewed_wrapped_row,reviewed,
D010,D,Other Vegetables,core_table_1,Brinjal-1 (Solanum melongena),Table 1,direct_extract,reviewed,
D011,D,Other Vegetables,core_table_1,Brinjal-2 (Solanum melongena),Table 1,direct_extract,reviewed,
D012,D,Other Vegetables,core_table_1,Brinjal-3 (Solanum melongena),Table 1,direct_extract,reviewed,
D013,D,Other Vegetables,core_table_1,Brinjal-4 (Solanum melongena),Table 1,direct_extract,reviewed,
D014,D,Other Vegetables,core_table_1,Brinjal-5 (Solanum melongena),Table 1,direct_extract,reviewed,
D015,D,Other Vegetables,core_table_1,Brinjal-6 (Solanum melongena),Table 1,direct_extract,reviewed,
D016,D,Other Vegetables,core_table_1,Brinjal-7 (Solanum melongena),Table 1,direct_extract,reviewed,
D017,D,Other Vegetables,core_table_1,Brinjal-8 (Solanum melongena),Table 1,manual_reviewed_wrapped_row,reviewed,
D018,D,Other Vegetables,core_table_1,Brinjal-9 (Solanum melongena),Table 1,direct_extract,reviewed,
D019,D,Other Vegetables,core_table_1,Brinjal-10 (Solanum melongena),Table 1,direct_extract,reviewed,
D020,D,Other Vegetables,core_table_1,Brinjal-11 (Solanum melongena),Table 1,direct_extract,reviewed,
D021,D,Other Vegetables,core_table_1,Brinjal-12 (Solanum melongena),Table 1,direct_extract,reviewed,
D022,D,Other Vegetables,core_table_1,Brinjal-13 (Solanum melongena),Table 1,direct_extract,reviewed,
D023,D,Other Vegetables,core_table_1,Brinjal-14 (Solanum melongena),Table 1,direct_extract,reviewed,
D024,D,Other Vegetables,core_table_1,Brinjal-15 (Solanum melongena),Table 1,direct_extract,reviewed,
D025,D,Other Vegetables,core_table_1,Brinjal-16 (Solanum melongena),Table 1,direct_extract,reviewed,
D026,D,Other Vegetables,core_table_1,Brinjal-17 (Solanum melongena),Table 1,direct_extract,reviewed,
D027,D,Other Vegetables,core_table_1,Brinjal-18 (Solanum melongena),Table 1,direct_extract,reviewed,
D028,D,Other Vegetables,core_table_1,Brinjal-19 (Solanum melongena),Table 1,direct_extract,reviewed,
D029,D,Other Vegetables,core_table_1,Brinjal-20 (Solanum melongena),Table 1,direct_extract,reviewed,
D030,D,Other Vegetables,core_table_1,Brinjal-21 (Solanum melongena),Table 1,direct_extract,reviewed,
D031,D,Other Vegetables,core_table_1,Brinjal - all varieties (Solanum melongena),Table 1,direct_extract,reviewed,
D032,D,Other Vegetables,core_table_1,Broad beans (Vicia faba),Table 1,direct_extract,reviewed,
D033,D,Other Vegetables,core_table_1,"Capsicum, green (Capsicum annuum)",Table 1,direct_extract,reviewed,
D034,D,Other Vegetables,core_table_1,"Capsicum, red (Capsicum annuum)",Table 1,direct_extract,reviewed,
D035,D,Other Vegetables,core_table_1,"Capsicum, yellow (Capsicum annuum)",Table 1,direct_extract,reviewed,
D036,D,Other Vegetables,core_table_1,Cauliflower (Brassica oleracea var. botrytis),Table 1,direct_extract,reviewed,
D037,D,Other Vegetables,core_table_1,Celery stalk (Apium graveolens),Table 1,direct_extract,reviewed,
D038,D,Other Vegetables,core_table_1,Cho-cho-marrow (Sechium edule),Table 1,direct_extract,reviewed,
D039,D,Other Vegetables,core_table_1,Cluster beans (Cyamopsis tetragonoloba),Table 1,direct_extract,reviewed,
D040,D,Other Vegetables,core_table_1,"Colocasia, stem, black (Colocasia esculenta)",Table 1,direct_extract,reviewed,
D041,D,Other Vegetables,core_table_1,"Colocasia, stem, green (Colocasia esculenta)",Table 1,direct_extract,reviewed,
D042,D,Other Vegetables,core_table_1,"Corn, baby (Zea mays)",Table 1,manual_reviewed_wrapped_row,reviewed,
D043,D,Other Vegetables,core_table_1,"Cucumber, green, elongate (Cucumis sativus)",Table 1,direct_extract,reviewed,
D044,D,Other Vegetables,core_table_1,"Cucumber, green, short (Cucumis sativus)",Table 1,direct_extract,reviewed,
D045,D,Other Vegetables,core_table_1,"Cucumber, orange, round (Cucumis sativus)",Table 1,direct_extract,reviewed,
D046,D,Other Vegetables,core_table_1,Drumstick (Moringa oleifera),Table 1,direct_extract,reviewed,
D047,D,Other Vegetables,core_table_1,"Field beans, tender, broad (Vicia faba)",Table 1,direct_extract,reviewed,
D048,D,Other Vegetables,core_table_1,"Field beans, tender, lean (Vicia faba)",Table 1,direct_extract,reviewed,
D049,D,Other Vegetables,core_table_1,"French beans, country (Phaseolus vulgaris)",Table 1,direct_extract,reviewed,
D050,D,Other Vegetables,core_table_1,"French beans, hybrid (Phaseolus vulgaris)",Table 1,direct_extract,reviewed,
D051,D,Other Vegetables,core_table_1,"Jack fruit, raw (Artocarpus heterophyllus)",Table 1,direct_extract,reviewed,
D052,D,Other Vegetables,core_table_1,"Jack fruit, seed, mature (Artocarpus heterophyllus)",Table 1,manual_reviewed_wrapped_row,reviewed,
D053,D,Other Vegetables,core_table_1,Knol - Khol (Brassica oleracea),Table 1,direct_extract,reviewed,
D054,D,Other Vegetables,core_table_1,"Kovai, big (Coccinia cordifolia)",Table 1,direct_extract,reviewed,
D055,D,Other Vegetables,core_table_1,"Kovai, small (Coccinia cordifolia)",Table 1,direct_extract,reviewed,
D056,D,Other Vegetables,core_table_1,Ladies finger (Abelmoschus esculentus),Table 1,direct_extract,reviewed,
D057,D,Other Vegetables,core_table_1,"Mango, green, raw (Mangifera indica)",Table 1,direct_extract,reviewed,
D058,D,Other Vegetables,core_table_1,"Onion, stalk (Allium cepa)",Table 1,direct_extract,reviewed,
D059,D,Other Vegetables,core_table_1,"Papaya, raw (Carica papaya)",Table 1,direct_extract,reviewed,
D060,D,Other Vegetables,core_table_1,Parwar (Trichosanthes dioica),Table 1,direct_extract,reviewed,
D061,D,Other Vegetables,core_table_1,"Peas, fresh (Pisum sativum)",Table 1,direct_extract,reviewed,
D062,D,Other Vegetables,core_table_1,"Plantain, flower (Musa x paradisiaca)",Table 1,direct_extract,reviewed,
D063,D,Other Vegetables,core_table_1,"Plantain, green (Musa x paradisiaca)",Table 1,direct_extract,reviewed,
D064,D,Other Vegetables,core_table_1,"Plantain, stem (Musa x paradisiaca)",Table 1,direct_extract,reviewed,
D065,D,Other Vegetables,core_table_1,"Pumpkin, green, cylindrical (Cucurbita maxima)",Table 1,direct_extract,reviewed,
D066,D,Other Vegetables,core_table_1,"Pumpkin, orange, round (Cucurbita maxima)",Table 1,direct_extract,reviewed,
D067,D,Other Vegetables,core_table_1,"Red gram, tender, fresh (Cajanus cajan)",Table 1,direct_extract,reviewed,
D068,D,Other Vegetables,core_table_1,Ridge gourd (Luffa acutangula),Table 1,direct_extract,reviewed,
D069,D,Other Vegetables,core_table_1,"Ridge gourd, smooth skin (Luffa acutangula)",Table 1,direct_extract,reviewed,
D070,D,Other Vegetables,core_table_1,"Snake gourd, long, pale green (Trichosanthes anguina)",Table 1,manual_reviewed_wrapped_row,reviewed,
D071,D,Other Vegetables,core_table_1,"Snake gourd, long, dark green (Trichosanthes anguina)",Table 1,manual_reviewed_wrapped_row,reviewed,
D072,D,Other Vegetables,core_table_1,"Snake gourd, short (Trichosanthes anguina)",Table 1,direct_extract,reviewed,
D073,D,Other Vegetables,core_table_1,"Tinda, tender (Praecitrullus fistulosus)",Table 1,direct_extract,reviewed,
D074,D,Other Vegetables,core_table_1,"Tomato, green (Solanum lycopersicum)",Table 1,direct_extract,reviewed,
D075,D,Other Vegetables,core_table_1,"Tomato, ripe, hybrid ((Solanum lycopersicum)",Table 1,direct_extract,needs_review,Source label contains doubled opening parenthesis in the PDF.
D076,D,Other Vegetables,core_table_1,"Tomato, ripe, local (Lycopersicon esculentum)",Table 1,direct_extract,reviewed,
D077,D,Other Vegetables,core_table_1,"Zucchini, green (Cucurbita pepo)",Table 1,direct_extract,reviewed,
D078,D,Other Vegetables,core_table_1,"Zucchini, yellow (Cucurbita pepo)",Table 1,direct_extract,reviewed,
E001,E,Fruits,core_table_1,"Apple, big (Malus domestica)",Table 1,direct_extract,reviewed,
E002,E,Fruits,core_table_1,"Apple, green (Malus domestica)",Table 1,direct_extract,reviewed,
E003,E,Fruits,core_table_1,"Apple, small (Malus domestica)",Table 1,direct_extract,reviewed,
E004,E,Fruits,core_table_1,"Apple, small, Kashmir (Malus domestica)",Table 1,direct_extract,reviewed,
E005,E,Fruits,core_table_1,"Apricot, dried (Prunus armeniaca)",Table 1,direct_extract,reviewed,
E006,E,Fruits,core_table_1,"Apricot, processed (Prunus armeniaca)",Table 1,direct_extract,reviewed,
E007,E,Fruits,core_table_1,Avocado fruit (Persea sp.),Table 1,direct_extract,reviewed,
E008,E,Fruits,core_table_1,Bael fruit (Aegle marmelos),Table 1,direct_extract,reviewed,
E009,E,Fruits,core_table_1,"Banana, ripe, montham (Musa x paradisiaca)",Table 1,direct_extract,reviewed,
E010,E,Fruits,core_table_1,"Banana, ripe, poovam (Musa x paradisiaca)",Table 1,direct_extract,reviewed,
E011,E,Fruits,core_table_1,"Banana, ripe, red (Musa x paradisiaca)",Table 1,direct_extract,reviewed,
E012,E,Fruits,core_table_1,"Banana, ripe, robusta (Musa x paradisiaca)",Table 1,direct_extract,reviewed,
E013,E,Fruits,core_table_1,Black berry (Rubus sp.),Table 1,direct_extract,reviewed,
E014,E,Fruits,core_table_1,"Cherries, red (Prunus cerasus)",Table 1,direct_extract,reviewed,
E015,E,Fruits,core_table_1,"Currants, black (Ribes nigrum)",Table 1,direct_extract,reviewed,
E016,E,Fruits,core_table_1,Custard apple (Annona squamosa),Table 1,direct_extract,reviewed,
E017,E,Fruits,core_table_1,"Dates, dry, pale brown (Phoenix dactylifera)",Table 1,direct_extract,reviewed,
E018,E,Fruits,core_table_1,"Dates, dry, dark brown (Phoenix dactylifera)",Table 1,direct_extract,reviewed,
E019,E,Fruits,core_table_1,"Dates, processed (Phoenix dactylifera)",Table 1,direct_extract,reviewed,
E020,E,Fruits,core_table_1,Fig (Ficus carica),Table 1,direct_extract,reviewed,
E021,E,Fruits,core_table_1,Gooseberry (Emblica officinalis),Table 1,direct_extract,reviewed,
E022,E,Fruits,core_table_1,"Grapes, seeded, round, black (Vitis vinifera)",Table 1,direct_extract,reviewed,
E023,E,Fruits,core_table_1,"Grapes, seeded, round, green (Vitis vinifera)",Table 1,direct_extract,reviewed,
E024,E,Fruits,core_table_1,"Grapes, seeded, round, red (Vitis vinifera)",Table 1,direct_extract,reviewed,
E025,E,Fruits,core_table_1,"Grapes, seedless, oval, black (Vitis vinifera)",Table 1,direct_extract,reviewed,
E026,E,Fruits,core_table_1,"Grapes, seedless, round, green (Vitis vinifera)",Table 1,direct_extract,reviewed,
E027,E,Fruits,core_table_1,"Grapes, seedless, round, black (Vitis vinifera)",Table 1,direct_extract,reviewed,
E028,E,Fruits,core_table_1,"Guava, white flesh (Psidium guajava)",Table 1,direct_extract,reviewed,
E029,E,Fruits,core_table_1,"Guava, pink flesh (Psidium guajava)",Table 1,direct_extract,reviewed,
E030,E,Fruits,core_table_1,"Jack fruit, ripe (Artocarpus heterophyllus)",Table 1,direct_extract,reviewed,
E031,E,Fruits,core_table_1,"Jambu fruit, ripe (Syzygium samarangense)",Table 1,direct_extract,reviewed,
E032,E,Fruits,core_table_1,Karonda fruit (Carissa carandas),Table 1,direct_extract,reviewed,
E033,E,Fruits,core_table_1,"Lemon, juice (Citrus limon)",Table 1,direct_extract,reviewed,
E034,E,Fruits,core_table_1,"Lime, sweet,pulp (Citrus limetta)",Table 1,direct_extract,reviewed,
E035,E,Fruits,core_table_1,Litchi (Litchi chinensis),Table 1,direct_extract,reviewed,
E036,E,Fruits,core_table_1,"Mango, ripe, banganapalli (Mangifera indica)",Table 1,direct_extract,reviewed,
E037,E,Fruits,core_table_1,"Mango, ripe, gulabkhas (Mangifera indica)",Table 1,direct_extract,reviewed,
E038,E,Fruits,core_table_1,"Mango, ripe, himsagar (Mangifera indica)",Table 1,direct_extract,reviewed,
E039,E,Fruits,core_table_1,"Mango, ripe, kesar (Mangifera indica)",Table 1,direct_extract,reviewed,
E040,E,Fruits,core_table_1,"Mango, ripe, neelam (Mangifera indica)",Table 1,direct_extract,reviewed,
E041,E,Fruits,core_table_1,"Mango, ripe, paheri (Mangifera indica)",Table 1,direct_extract,reviewed,
E042,E,Fruits,core_table_1,"Mango, ripe, totapari (Mangifera indica)",Table 1,direct_extract,reviewed,
E043,E,Fruits,core_table_1,Mangosteen (Garcinia mangostana),Table 1,direct_extract,reviewed,
E044,E,Fruits,core_table_1,Manila tamarind (Pithecellobium dulce),Table 1,direct_extract,reviewed,
E045,E,Fruits,core_table_1,"Musk melon, orange flesh (Cucumis melon)",Table 1,direct_extract,reviewed,
E046,E,Fruits,core_table_1,"Musk melon, yellow flesh (Cucumis melon)",Table 1,direct_extract,reviewed,
E047,E,Fruits,core_table_1,"Orange, pulp (Citrus aurantium)",Table 1,direct_extract,reviewed,
E048,E,Fruits,core_table_1,"Palm fruit, tender (Borassus flabellifer)",Table 1,direct_extract,reviewed,
E049,E,Fruits,core_table_1,"Papaya, ripe (Carica papaya)",Table 1,direct_extract,reviewed,
E050,E,Fruits,core_table_1,Peach (Prunus communis),Table 1,direct_extract,reviewed,
E051,E,Fruits,core_table_1,Pear (Pyrus sp.),Table 1,direct_extract,reviewed,
E052,E,Fruits,core_table_1,Phalsa (Grewia asiatica),Table 1,direct_extract,reviewed,
E053,E,Fruits,core_table_1,Pineapple (Ananas comosus),Table 1,direct_extract,reviewed,
E054,E,Fruits,core_table_1,Plum (Prunus domestica),Table 1,direct_extract,reviewed,
E055,E,Fruits,core_table_1,"Pomegranate, maroon seeds (Punica granatum)",Table 1,direct_extract,reviewed,
E056,E,Fruits,core_table_1,Pummelo (Citrus maxima),Table 1,direct_extract,reviewed,
E057,E,Fruits,core_table_1,"Raisins, dried, black (Vitis vinifera)",Table 1,direct_extract,reviewed,
E058,E,Fruits,core_table_1,"Raisins, dried, golden (Vitis vinifera)",Table 1,direct_extract,reviewed,
E059,E,Fruits,core_table_1,Rambutan (Nephelium lappaceum),Table 1,direct_extract,reviewed,
E060,E,Fruits,core_table_1,Sapota (Achras sapota),Table 1,direct_extract,reviewed,
E061,E,Fruits,core_table_1,Soursop (Annona muricata),Table 1,direct_extract,reviewed,
E062,E,Fruits,core_table_1,Star fruit (Averrhoa carambola),Table 1,direct_extract,reviewed,
E063,E,Fruits,core_table_1,Strawberry (Fragaria x ananassa),Table 1,direct_extract,reviewed,
E064,E,Fruits,core_table_1,"Tamarind, pulp (Tamarindus indica)",Table 1,direct_extract,reviewed,
E065,E,Fruits,core_table_1,"Water melon, dark green (sugar baby) (Citrullus vulgaris)",Table 1,manual_reviewed_wrapped_row,reviewed,
E066,E,Fruits,core_table_1,"Water melon, pale green (Citrullus vulgaris)",Table 1,direct_extract,reviewed,
E067,E,Fruits,core_table_1,Wood Apple (Limonia acidissima),Table 1,direct_extract,reviewed,
E068,E,Fruits,core_table_1,Zizyphus (Zizyphus jujube),Table 1,direct_extract,reviewed,
F001,F,Roots and Tubers,core_table_1,Beet root (Beta vulgaris),Table 1,direct_extract,reviewed,
F002,F,Roots and Tubers,core_table_1,"Carrot, orange (Daucus carota)",Table 1,direct_extract,reviewed,
F003,F,Roots and Tubers,core_table_1,"Carrot, red (Daucus carota)",Table 1,direct_extract,reviewed,
F004,F,Roots and Tubers,core_table_1,Colocasia (Colocasia esculenta),Table 1,direct_extract,reviewed,
F005,F,Roots and Tubers,core_table_1,Lotus root (Nelumbium nelumbo),Table 1,direct_extract,reviewed,
F006,F,Roots and Tubers,core_table_1,"Potato, brown skin, big (Solanum tuberosum)",Table 1,direct_extract,reviewed,
F007,F,Roots and Tubers,core_table_1,"Potato, brown skin, small (Solanum tuberosum)",Table 1,direct_extract,reviewed,
F008,F,Roots and Tubers,core_table_1,"Potato, red skin (Solanum tuberosum)",Table 1,direct_extract,reviewed,
F009,F,Roots and Tubers,core_table_1,"Radish, elongate, red skin (Raphanus sativus)",Table 1,direct_extract,reviewed,
F010,F,Roots and Tubers,core_table_1,"Radish, elongate, white skin (Raphanus sativus)",Table 1,direct_extract,reviewed,
F011,F,Roots and Tubers,core_table_1,"Radish, round, red skin (Raphanus sativus)",Table 1,direct_extract,reviewed,
F012,F,Roots and Tubers,core_table_1,"Radish, round, white skin (Raphanus sativus)",Table 1,direct_extract,reviewed,
F013,F,Roots and Tubers,core_table_1,"Sweet potato, brown skin (Ipomoea batatas)",Table 1,direct_extract,reviewed,
F014,F,Roots and Tubers,core_table_1,"Sweet potato, pink skin (Ipomoea batatas)",Table 1,direct_extract,reviewed,
F015,F,Roots and Tubers,core_table_1,Tapioca (Manihot esculenta),Table 1,direct_extract,reviewed,
F016,F,Roots and Tubers,core_table_1,Water Chestnut (Eleocharis dulcis),Table 1,direct_extract,reviewed,
F017,F,Roots and Tubers,core_table_1,"Yam, elephant (Amorphophallus campanulatus)",Table 1,direct_extract,reviewed,
F018,F,Roots and Tubers,core_table_1,"Yam, ordinary (Amorphophallus sp.)",Table 1,direct_extract,reviewed,
F019,F,Roots and Tubers,core_table_1,"Yam, wild (Dioscorea villosa)",Table 1,direct_extract,reviewed,
G001,G,Condiments and Spices,core_table_1,"Chillies, green-1 (Capsicum annum)",Table 1,direct_extract,reviewed,
G002,G,Condiments and Spices,core_table_1,"Chillies, green-2 (Capsicum annum)",Table 1,direct_extract,reviewed,
G003,G,Condiments and Spices,core_table_1,"Chillies, green-3 (Capsicum annum)",Table 1,direct_extract,reviewed,
G004,G,Condiments and Spices,core_table_1,"Chillies, green-4 (Capsicum annum)",Table 1,direct_extract,reviewed,
G005,G,Condiments and Spices,core_table_1,"Chillies, green-5 (Capsicum annum)",Table 1,direct_extract,reviewed,
G006,G,Condiments and Spices,core_table_1,"Chillies, green-6 (Capsicum annum)",Table 1,direct_extract,reviewed,
G007,G,Condiments and Spices,core_table_1,"Chillies, green-7 (Capsicum annum)",Table 1,direct_extract,reviewed,
G008,G,Condiments and Spices,core_table_1,"Chillies, green - all varieties (Capsicum annum)",Table 1,direct_extract,reviewed,
G009,G,Condiments and Spices,core_table_1,Coriander leaves (Coriandrum sativum),Table 1,direct_extract,reviewed,
G010,G,Condiments and Spices,core_table_1,Curry leaves (Murraya koenigii),Table 1,direct_extract,reviewed,
G011,G,Condiments and Spices,core_table_1,"Garlic, big clove (Allium sativum)",Table 1,direct_extract,reviewed,
G012,G,Condiments and Spices,core_table_1,"Garlic, small clove (Allium sativum)",Table 1,direct_extract,reviewed,
G013,G,Condiments and Spices,core_table_1,"Garlic, single clove, Kashmir (Allium sativum)",Table 1,direct_extract,reviewed,
G014,G,Condiments and Spices,core_table_1,"Ginger, fresh (Zingiber officinale)",Table 1,direct_extract,reviewed,
G015,G,Condiments and Spices,core_table_1,Mango ginger (Curcuma amada),Table 1,direct_extract,reviewed,
G016,G,Condiments and Spices,core_table_1,Mint leaves (Mentha spicata ),Table 1,direct_extract,reviewed,
G017,G,Condiments and Spices,core_table_1,"Onion, big (Allium cepa)",Table 1,direct_extract,reviewed,
G018,G,Condiments and Spices,core_table_1,"Onion, small (Allium cepa)",Table 1,direct_extract,reviewed,
G019,G,Condiments and Spices,core_table_1,Asafoetida (Ferula assa-foetida),Table 1,direct_extract,reviewed,
G020,G,Condiments and Spices,core_table_1,"Cardamom, green (Elettaria cardamomum)",Table 1,direct_extract,reviewed,
G021,G,Condiments and Spices,core_table_1,"Cardamom, black (Elettaria cardamomum)",Table 1,direct_extract,reviewed,
G022,G,Condiments and Spices,core_table_1,"Chillies, red (Capsicum annum)",Table 1,direct_extract,reviewed,
G023,G,Condiments and Spices,core_table_1,Cloves (Syzygium aromaticum),Table 1,direct_extract,reviewed,
G024,G,Condiments and Spices,core_table_1,Coriander seeds (Coriandrum sativum),Table 1,direct_extract,reviewed,
G025,G,Condiments and Spices,core_table_1,Cumin seeds (Cuminum cyminum),Table 1,direct_extract,reviewed,
G026,G,Condiments and Spices,core_table_1,Fenugreek seeds (Trigonella foenum graecum),Table 1,direct_extract,reviewed,
G027,G,Condiments and Spices,core_table_1,Mace (Myristica fragrans),Table 1,direct_extract,reviewed,
G028,G,Condiments and Spices,core_table_1,Nutmeg (Myristica fragrans),Table 1,direct_extract,reviewed,
G029,G,Condiments and Spices,core_table_1,Omum (Trachyspermum ammi),Table 1,direct_extract,reviewed,
G030,G,Condiments and Spices,core_table_1,Pippali (Piper longum),Table 1,direct_extract,reviewed,
G031,G,Condiments and Spices,core_table_1,"Pepper, black (Piper nigrum)",Table 1,direct_extract,reviewed,
G032,G,Condiments and Spices,core_table_1,Poppy seeds (Papaver somniferum),Table 1,direct_extract,reviewed,
G033,G,Condiments and Spices,core_table_1,Turmeric powder (Curcuma domestica),Table 1,direct_extract,reviewed,
H001,H,Nuts and Oil Seeds,core_table_1,Almond (Prunus amygdalus),Table 1,direct_extract,reviewed,
H002,H,Nuts and Oil Seeds,core_table_1,"Arecanut, dried, brown (Areca catechu)",Table 1,direct_extract,reviewed,
H003,H,Nuts and Oil Seeds,core_table_1,"Arecanut, dried, red color (Areca catechu)",Table 1,direct_extract,reviewed,
H004,H,Nuts and Oil Seeds,core_table_1,"Arecanut, fresh (Areca catechu)",Table 1,direct_extract,reviewed,
H005,H,Nuts and Oil Seeds,core_table_1,Cashew nut (Anacardium occidentale),Table 1,direct_extract,reviewed,
H006,H,Nuts and Oil Seeds,core_table_1,"Coconut, kernel, dry (Cocos nucifera)",Table 1,direct_extract,reviewed,
H007,H,Nuts and Oil Seeds,core_table_1,"Coconut, kernel, fresh (Cocos nucifera)",Table 1,direct_extract,reviewed,
H008,H,Nuts and Oil Seeds,core_table_1,"Garden cress, seeds (Lepidium sativum)",Table 1,direct_extract,reviewed,
H009,H,Nuts and Oil Seeds,core_table_1,"Gingelly seeds, black (Sesamum indicum)",Table 1,direct_extract,reviewed,
H010,H,Nuts and Oil Seeds,core_table_1,"Gingelly seeds, brown (Sesamum indicum)",Table 1,direct_extract,reviewed,
H011,H,Nuts and Oil Seeds,core_table_1,"Gingelly seeds, white (Sesamum indicum)",Table 1,direct_extract,reviewed,
H012,H,Nuts and Oil Seeds,core_table_1,Ground nut (Arachis hypogaea),Table 1,direct_extract,reviewed,
H013,H,Nuts and Oil Seeds,core_table_1,Mustard seeds (Brassica nigra),Table 1,direct_extract,reviewed,
H014,H,Nuts and Oil Seeds,core_table_1,Linseeds (Linum usitatissimum),Table 1,direct_extract,reviewed,
H015,H,Nuts and Oil Seeds,core_table_1,"Niger seeds, black (Guizotia abyssinica)",Table 1,direct_extract,reviewed,
H016,H,Nuts and Oil Seeds,core_table_1,"Niger seeds, gray (Guizotia abyssinica)",Table 1,direct_extract,reviewed,
H017,H,Nuts and Oil Seeds,core_table_1,Pine seed (Pinus sp.),Table 1,direct_extract,reviewed,
H018,H,Nuts and Oil Seeds,core_table_1,Pistachio nuts (Pistacia vera),Table 1,direct_extract,reviewed,
H019,H,Nuts and Oil Seeds,core_table_1,Safflower seeds (Carthamus tinctorius),Table 1,direct_extract,reviewed,
H020,H,Nuts and Oil Seeds,core_table_1,Sunflower seeds (Helianthus annuus),Table 1,direct_extract,reviewed,
H021,H,Nuts and Oil Seeds,core_table_1,Walnut (Juglans regia),Table 1,direct_extract,reviewed,
I001,I,Sugars,core_table_1,"Jaggery, cane (Saccharum officinarum)",Table 1,direct_extract,reviewed,
I002,I,Sugars,core_table_1,"Sugarcane, juice (Saccharum officinarum)",Table 1,direct_extract,reviewed,
J001,J,Mushrooms,core_table_1,"Button mushroom, fresh (Agaricus sp.)",Table 1,direct_extract,reviewed,
J002,J,Mushrooms,core_table_1,"Chicken mushroom, fresh (Lactiporus sp.)",Table 1,direct_extract,reviewed,
J003,J,Mushrooms,core_table_1,"Shiitake mushroom, fresh (Lentinula sp.)",Table 1,direct_extract,reviewed,
J004,J,Mushrooms,core_table_1,"Oyster mushroom, dried (Pleurotus sp.)",Table 1,direct_extract,reviewed,
K001,K,Miscellaneous Foods,core_table_1,Toddy (Borassus flabellifer),Table 1,direct_extract,reviewed,
K002,K,Miscellaneous Foods,core_table_1,Coconut Water (Cocos nucifera),Table 1,direct_extract,reviewed,
L001,L,Milk and Milk Products,core_table_1,"Milk, whole, Buffalo",Table 1,direct_extract,reviewed,
L002,L,Milk and Milk Products,core_table_1,"Milk, whole, Cow",Table 1,direct_extract,reviewed,
L003,L,Milk and Milk Products,core_table_1,Paneer,Table 1,direct_extract,reviewed,
L004,L,Milk and Milk Products,core_table_1,Khoa,Table 1,direct_extract,reviewed,
M001,M,Egg and Egg Products,core_table_1,"Egg, poultry, whole, raw",Table 1,direct_extract,reviewed,
M002,M,Egg and Egg Products,core_table_1,"Egg, poultry, white, raw",Table 1,direct_extract,reviewed,
M003,M,Egg and Egg Products,core_table_1,"Egg, poultry, yolk, raw",Table 1,direct_extract,reviewed,
M004,M,Egg and Egg Products,core_table_1,"Egg, poultry, whole, boiled",Table 1,direct_extract,reviewed,
M005,M,Egg and Egg Products,core_table_1,"Egg, poultry, white, boiled",Table 1,direct_extract,reviewed,
M006,M,Egg and Egg Products,core_table_1,"Egg, poultry, yolk, boiled",Table 1,direct_extract,reviewed,
M007,M,Egg and Egg Products,core_table_1,"Egg, poultry, omlet",Table 1,direct_extract,reviewed,
M008,M,Egg and Egg Products,core_table_1,"Egg, country hen, whole, raw",Table 1,direct_extract,reviewed,
M009,M,Egg and Egg Products,core_table_1,"Egg, country hen, whole, boiled",Table 1,direct_extract,reviewed,
M010,M,Egg and Egg Products,core_table_1,"Egg, country hen, omlet",Table 1,direct_extract,reviewed,
M011,M,Egg and Egg Products,core_table_1,"Egg, duck, whole, boiled",Table 1,direct_extract,reviewed,
M012,M,Egg and Egg Products,core_table_1,"Egg, duck, whole, raw",Table 1,direct_extract,reviewed,
M013,M,Egg and Egg Products,core_table_1,"Egg, duck, whole, omlet",Table 1,direct_extract,reviewed,
M014,M,Egg and Egg Products,core_table_1,"Egg, quial, whole, raw",Table 1,direct_extract,reviewed,
M015,M,Egg and Egg Products,core_table_1,"Egg, quial, whole, boiled",Table 1,direct_extract,reviewed,
N001,N,Poultry,core_table_1,"Chicken, poultry, leg, skinless",Table 1,direct_extract,reviewed,
N002,N,Poultry,core_table_1,"Chicken, poultry, thigh, skinless",Table 1,direct_extract,reviewed,
N003,N,Poultry,core_table_1,"Chicken, poultry, breast, skinless",Table 1,direct_extract,reviewed,
N004,N,Poultry,core_table_1,"Chicken, poultry, wing, skinless",Table 1,direct_extract,reviewed,
N005,N,Poultry,core_table_1,"Poultry, chicken, liver",Table 1,direct_extract,reviewed,
N006,N,Poultry,core_table_1,"Poultry, chicken, gizzard",Table 1,direct_extract,reviewed,
N007,N,Poultry,core_table_1,"Country hen, leg, with skin",Table 1,direct_extract,reviewed,
N008,N,Poultry,core_table_1,"Country hen, thigh, with skin",Table 1,direct_extract,reviewed,
N009,N,Poultry,core_table_1,"Country hen, breast, with skin",Table 1,direct_extract,reviewed,
N010,N,Poultry,core_table_1,"Country hen, wing, with skin",Table 1,direct_extract,reviewed,
N011,N,Poultry,core_table_1,"Duck, meat, with skin",Table 1,direct_extract,reviewed,
N012,N,Poultry,core_table_1,"Emu, meat, skinless",Table 1,direct_extract,reviewed,
N013,N,Poultry,core_table_1,"Guinea fowl, meat, with skin",Table 1,direct_extract,reviewed,
N014,N,Poultry,core_table_1,"Pigeon, meat, with skin",Table 1,direct_extract,reviewed,
N015,N,Poultry,core_table_1,"Quail, meat, skinless",Table 1,direct_extract,reviewed,
N016,N,Poultry,core_table_1,"Turkey, leg, with skin",Table 1,direct_extract,reviewed,
N017,N,Poultry,core_table_1,"Turkey, thigh, with skin",Table 1,direct_extract,reviewed,
N018,N,Poultry,core_table_1,"Turkey, breast, with skin",Table 1,direct_extract,reviewed,
N019,N,Poultry,core_table_1,"Turkey, wing, with skin",Table 1,direct_extract,reviewed,
O001,O,Animal Meat,core_table_1,"Goat, shoulder",Table 1,direct_extract,reviewed,
O002,O,Animal Meat,core_table_1,"Goat, chops",Table 1,direct_extract,reviewed,
O003,O,Animal Meat,core_table_1,"Goat, legs",Table 1,direct_extract,reviewed,
O004,O,Animal Meat,core_table_1,"Goat, brain",Table 1,direct_extract,reviewed,
O005,O,Animal Meat,core_table_1,"Goat, tongue",Table 1,direct_extract,reviewed,
O006,O,Animal Meat,core_table_1,"Goat, lungs",Table 1,direct_extract,reviewed,
O007,O,Animal Meat,core_table_1,"Goat, heart",Table 1,direct_extract,reviewed,
O008,O,Animal Meat,core_table_1,"Goat, liver",Table 1,direct_extract,reviewed,
O009,O,Animal Meat,core_table_1,"Goat, tripe",Table 1,direct_extract,reviewed,
O010,O,Animal Meat,core_table_1,"Goat, spleen",Table 1,direct_extract,reviewed,
O011,O,Animal Meat,core_table_1,"Goat, kidneys",Table 1,direct_extract,reviewed,
O012,O,Animal Meat,core_table_1,"Goat, tube (small intestine)",Table 1,direct_extract,reviewed,
O013,O,Animal Meat,core_table_1,"Goat, testis",Table 1,direct_extract,reviewed,
O014,O,Animal Meat,core_table_1,"Sheep, shoulder",Table 1,direct_extract,reviewed,
O015,O,Animal Meat,core_table_1,"Sheep, chops",Table 1,direct_extract,reviewed,
O016,O,Animal Meat,core_table_1,"Sheep, leg",Table 1,direct_extract,reviewed,
O017,O,Animal Meat,core_table_1,"Sheep, brain",Table 1,direct_extract,reviewed,
O018,O,Animal Meat,core_table_1,"Sheep, tongue",Table 1,direct_extract,reviewed,
O019,O,Animal Meat,core_table_1,"Sheep, lungs",Table 1,direct_extract,reviewed,
O020,O,Animal Meat,core_table_1,"Sheep, heart",Table 1,direct_extract,reviewed,
O021,O,Animal Meat,core_table_1,"Sheep, liver",Table 1,direct_extract,reviewed,
O022,O,Animal Meat,core_table_1,"Sheep, tripe",Table 1,direct_extract,reviewed,
O023,O,Animal Meat,core_table_1,"Sheep, spleen",Table 1,direct_extract,reviewed,
O024,O,Animal Meat,core_table_1,"Sheep, kidneys",Table 1,direct_extract,reviewed,
O025,O,Animal Meat,core_table_1,"Beef, shoulder",Table 1,direct_extract,reviewed,
O026,O,Animal Meat,core_table_1,"Beef, chops",Table 1,direct_extract,reviewed,
O027,O,Animal Meat,core_table_1,"Beef, round (leg)",Table 1,direct_extract,reviewed,
O028,O,Animal Meat,core_table_1,"Beef, brain",Table 1,direct_extract,reviewed,
O029,O,Animal Meat,core_table_1,"Beef, tongue",Table 1,direct_extract,reviewed,
O030,O,Animal Meat,core_table_1,"Beef, lungs",Table 1,direct_extract,reviewed,
O031,O,Animal Meat,core_table_1,"Beef, heart",Table 1,direct_extract,reviewed,
O032,O,Animal Meat,core_table_1,"Beef, liver",Table 1,direct_extract,reviewed,
O033,O,Animal Meat,core_table_1,"Beef, tripe",Table 1,direct_extract,reviewed,
O034,O,Animal Meat,core_table_1,"Beef, spleen",Table 1,direct_extract,reviewed,
O035,O,Animal Meat,core_table_1,"Beef, kidneys",Table 1,direct_extract,reviewed,
O036,O,Animal Meat,core_table_1,"Calf, shoulder",Table 1,direct_extract,reviewed,
O037,O,Animal Meat,core_table_1,"Calf, chops",Table 1,direct_extract,reviewed,
O038,O,Animal Meat,core_table_1,"Calf, round (leg)",Table 1,direct_extract,reviewed,
O039,O,Animal Meat,core_table_1,"Calf, brain",Table 1,direct_extract,reviewed,
O040,O,Animal Meat,core_table_1,"Calf, tongue",Table 1,direct_extract,reviewed,
O041,O,Animal Meat,core_table_1,"Calf, heart",Table 1,direct_extract,reviewed,
O042,O,Animal Meat,core_table_1,"Calf, liver",Table 1,direct_extract,reviewed,
O043,O,Animal Meat,core_table_1,"Calf, spleen",Table 1,direct_extract,reviewed,
O044,O,Animal Meat,core_table_1,"Calf, kidneys",Table 1,direct_extract,reviewed,
O045,O,Animal Meat,core_table_1,"Mithun, shoulder",Table 1,direct_extract,reviewed,
O046,O,Animal Meat,core_table_1,"Mithun, chops",Table 1,direct_extract,reviewed,
O047,O,Animal Meat,core_table_1,"Mithun, round (leg)",Table 1,direct_extract,reviewed,
O048,O,Animal Meat,core_table_1,"Pork, shoulder",Table 1,direct_extract,reviewed,
O049,O,Animal Meat,core_table_1,"Pork, chops",Table 1,direct_extract,reviewed,
O050,O,Animal Meat,core_table_1,"Pork, ham",Table 1,direct_extract,reviewed,
O051,O,Animal Meat,core_table_1,"Pork, lungs",Table 1,direct_extract,reviewed,
O052,O,Animal Meat,core_table_1,"Pork, heart",Table 1,direct_extract,reviewed,
O053,O,Animal Meat,core_table_1,"Pork, liver",Table 1,direct_extract,reviewed,
O054,O,Animal Meat,core_table_1,"Pork, stomach",Table 1,direct_extract,reviewed,
O055,O,Animal Meat,core_table_1,"Pork, spleen",Table 1,direct_extract,reviewed,
O056,O,Animal Meat,core_table_1,"Pork, kidneys",Table 1,direct_extract,reviewed,
O057,O,Animal Meat,core_table_1,"Pork, tube (small intestine)",Table 1,direct_extract,reviewed,
O058,O,Animal Meat,core_table_1,"Hare, shoulder",Table 1,direct_extract,reviewed,
O059,O,Animal Meat,core_table_1,"Hare, chops",Table 1,direct_extract,reviewed,
O060,O,Animal Meat,core_table_1,"Hare, leg",Table 1,direct_extract,reviewed,
O061,O,Animal Meat,core_table_1,"Rabbit, shoulder",Table 1,direct_extract,reviewed,
O062,O,Animal Meat,core_table_1,"Rabbit, chops",Table 1,direct_extract,reviewed,
O063,O,Animal Meat,core_table_1,"Rabbit, leg",Table 1,direct_extract,reviewed,
P001,P,Marine Fish,core_table_1,Allathi (Elops machnata),Table 1,direct_extract,reviewed,
P002,P,Marine Fish,core_table_1,Aluva(Parastromateus niger),Table 1,direct_extract,reviewed,
P003,P,Marine Fish,core_table_1,Anchovy (Stolephorus indicus),Table 1,direct_extract,reviewed,
P004,P,Marine Fish,core_table_1,Ari fish (Aprion virescens ),Table 1,direct_extract,reviewed,
P005,P,Marine Fish,core_table_1,Betki(Lates calcarifer),Table 1,direct_extract,reviewed,
P006,P,Marine Fish,core_table_1,Black snapper (Macolor niger),Table 1,direct_extract,reviewed,
P007,P,Marine Fish,core_table_1,Bombay duck (Harpadon nehereus),Table 1,direct_extract,reviewed,
P008,P,Marine Fish,core_table_1,Bommuralu(Muraenesox cinerius),Table 1,direct_extract,reviewed,
P009,P,Marine Fish,core_table_1,Cat fish (Tachysurus thalassinus),Table 1,direct_extract,reviewed,
P010,P,Marine Fish,core_table_1,Chakla (Rachycentron canadum),Table 1,direct_extract,reviewed,
P011,P,Marine Fish,core_table_1,Chappal(Aluterus monoceros ),Table 1,direct_extract,reviewed,
P012,P,Marine Fish,core_table_1,Chelu (Elagatis bipinnulata),Table 1,direct_extract,reviewed,
P013,P,Marine Fish,core_table_1,Chembali (Lutjanus quinquelineatus),Table 1,direct_extract,reviewed,
P014,P,Marine Fish,core_table_1,Eri meen (Pristipomoides filamentosus),Table 1,direct_extract,reviewed,
P015,P,Marine Fish,core_table_1,Gobro(Epinephelus diacanthus),Table 1,direct_extract,reviewed,
P016,P,Marine Fish,core_table_1,Guitar fish (Rhinobatus prahli),Table 1,direct_extract,reviewed,
P017,P,Marine Fish,core_table_1,Hilsa(Tenualosa ilisha),Table 1,direct_extract,reviewed,
P018,P,Marine Fish,core_table_1,Jallal (Arius sp.),Table 1,direct_extract,reviewed,
P019,P,Marine Fish,core_table_1,Jathi vela meen (Lethrinus lentjan),Table 1,direct_extract,reviewed,
P020,P,Marine Fish,core_table_1,Kadal bral (Synodus indicus),Table 1,direct_extract,reviewed,
P021,P,Marine Fish,core_table_1,Kadali (Nemipterus mesoprion),Table 1,direct_extract,reviewed,
P022,P,Marine Fish,core_table_1,Kalamaara(Leptomelanosoma indicum),Table 1,direct_extract,reviewed,
P023,P,Marine Fish,core_table_1,Kalava(Epinephelus coioides),Table 1,direct_extract,reviewed,
P024,P,Marine Fish,core_table_1,Kanamayya(Lutjanus rivulatus),Table 1,direct_extract,reviewed,
P025,P,Marine Fish,core_table_1,Kannadi paarai (Alectis indicus),Table 1,direct_extract,reviewed,
P026,P,Marine Fish,core_table_1,Karimeen(Etroplus suratensis),Table 1,direct_extract,reviewed,
P027,P,Marine Fish,core_table_1,Karnagawala(Anchoa hepsetus),Table 1,direct_extract,reviewed,
P028,P,Marine Fish,core_table_1,Kayrai(Thunnus albacores),Table 1,direct_extract,reviewed,
P029,P,Marine Fish,core_table_1,Kiriyan (Atule mate),Table 1,direct_extract,reviewed,
P030,P,Marine Fish,core_table_1,Kite fish (Mobula kuhlii),Table 1,direct_extract,reviewed,
P031,P,Marine Fish,core_table_1,Korka(Terapon jarbua),Table 1,direct_extract,reviewed,
P032,P,Marine Fish,core_table_1,Kulam paarai (Carangoides fulvoguttatus),Table 1,direct_extract,reviewed,
P033,P,Marine Fish,core_table_1,Maagaa (Polynemus plebeius),Table 1,direct_extract,reviewed,
P034,P,Marine Fish,core_table_1,Mackerel(Rastrelliger kanagurta),Table 1,direct_extract,reviewed,
P035,P,Marine Fish,core_table_1,Manda clathi (Naso reticulatus),Table 1,direct_extract,reviewed,
P036,P,Marine Fish,core_table_1,Matha (Acanthurus mata),Table 1,direct_extract,reviewed,
P037,P,Marine Fish,core_table_1,Milk fish (Chanos chanos),Table 1,direct_extract,reviewed,
P038,P,Marine Fish,core_table_1,Moon fish (Mene maculata),Table 1,direct_extract,reviewed,
P039,P,Marine Fish,core_table_1,Mullet(Mugil cephalus),Table 1,direct_extract,reviewed,
P040,P,Marine Fish,core_table_1,Mural (Tylosurus crocodilus),Table 1,direct_extract,reviewed,
P041,P,Marine Fish,core_table_1,Myil meen(Istiophorus platypterus),Table 1,direct_extract,reviewed,
P042,P,Marine Fish,core_table_1,Nalla bontha (Epinephelus sp.),Table 1,direct_extract,reviewed,
P043,P,Marine Fish,core_table_1,Narba(Caranx sexfasciatus),Table 1,direct_extract,reviewed,
P044,P,Marine Fish,core_table_1,Paarai (Caranx heberi),Table 1,direct_extract,reviewed,
P045,P,Marine Fish,core_table_1,Padayappa(Canthidermis maculata),Table 1,direct_extract,reviewed,
P046,P,Marine Fish,core_table_1,Pali kora (Panna microdon),Table 1,direct_extract,reviewed,
P047,P,Marine Fish,core_table_1,Pambada(Lepturacanthus savala),Table 1,direct_extract,reviewed,
P048,P,Marine Fish,core_table_1,Pandukopa (Pseudosciaena manchurica),Table 1,direct_extract,reviewed,
P049,P,Marine Fish,core_table_1,Parava (Lactarius lactarius),Table 1,direct_extract,reviewed,
P050,P,Marine Fish,core_table_1,Parcus (Psettodes erumei),Table 1,direct_extract,reviewed,
P051,P,Marine Fish,core_table_1,Parrot fish (Scarus ghobban),Table 1,direct_extract,reviewed,
P052,P,Marine Fish,core_table_1,Perinkilichai (Pinjalo pinjalo),Table 1,direct_extract,reviewed,
P053,P,Marine Fish,core_table_1,Phopat(Coryphaena hippurus),Table 1,direct_extract,reviewed,
P054,P,Marine Fish,core_table_1,Piranha (Pygopritis sp.),Table 1,direct_extract,reviewed,
P055,P,Marine Fish,core_table_1,"Pomfret, black (Parastromateus niger)",Table 1,direct_extract,reviewed,
P056,P,Marine Fish,core_table_1,"Pomfret, snub nose (Trachinotus blochii)",Table 1,direct_extract,reviewed,
P057,P,Marine Fish,core_table_1,"Pomfret, white (Pampus argenteus)",Table 1,direct_extract,reviewed,
P058,P,Marine Fish,core_table_1,Pranel(Gerres sp.),Table 1,direct_extract,reviewed,
P059,P,Marine Fish,core_table_1,Pulli paarai (Gnathanodon speciosus),Table 1,direct_extract,reviewed,
P060,P,Marine Fish,core_table_1,Queen fish (Scomberoides commersonianus),Table 1,direct_extract,reviewed,
P061,P,Marine Fish,core_table_1,Raai fish (Lobotes surinamensis),Table 1,direct_extract,reviewed,
P062,P,Marine Fish,core_table_1,Raai vanthu (Epinephelus chlorostigma),Table 1,direct_extract,reviewed,
P063,P,Marine Fish,core_table_1,Rani (Pink perch),Table 1,direct_extract,reviewed,
P064,P,Marine Fish,core_table_1,"Ray fish, bow head, spotted (Rhina ancylostoma)",Table 1,direct_extract,reviewed,
P065,P,Marine Fish,core_table_1,Red snapper(Lutjanus argentimaculatus),Table 1,direct_extract,reviewed,
P066,P,Marine Fish,core_table_1,"Red snapper, small (Priacanthus hamrur)",Table 1,direct_extract,reviewed,
P067,P,Marine Fish,core_table_1,Sadaya (Platax orbicularis),Table 1,direct_extract,reviewed,
P068,P,Marine Fish,core_table_1,Salmon(Salmo salar),Table 1,direct_extract,reviewed,
P069,P,Marine Fish,core_table_1,Sangada(Nemipterus japanicus),Table 1,direct_extract,reviewed,
P070,P,Marine Fish,core_table_1,Sankata paarai (Caranx ignobilis),Table 1,direct_extract,reviewed,
P071,P,Marine Fish,core_table_1,Sardine (Sardinella longiceps),Table 1,direct_extract,reviewed,
P072,P,Marine Fish,core_table_1,Shark (Carcharhinus sorrah),Table 1,direct_extract,reviewed,
P073,P,Marine Fish,core_table_1,"Shark, hammer head(Sphyrna mokarran)",Table 1,direct_extract,reviewed,
P074,P,Marine Fish,core_table_1,"Shark, spotted (Stegostoma fasciatum)",Table 1,direct_extract,reviewed,
P075,P,Marine Fish,core_table_1,Shelavu(Sphyraena jello),Table 1,direct_extract,reviewed,
P076,P,Marine Fish,core_table_1,Silan(Silonia silondia),Table 1,direct_extract,reviewed,
P077,P,Marine Fish,core_table_1,Silk fish (Beryx sp.),Table 1,direct_extract,reviewed,
P078,P,Marine Fish,core_table_1,Silver carp (Hypophthalmichthys molitrix),Table 1,direct_extract,reviewed,
P079,P,Marine Fish,core_table_1,Sole fish (Cynoglossus arel),Table 1,direct_extract,reviewed,
P080,P,Marine Fish,core_table_1,Stingray (Dasyatis pastinaca),Table 1,direct_extract,reviewed,
P081,P,Marine Fish,core_table_1,Tarlava(Drepane punctata),Table 1,direct_extract,reviewed,
P082,P,Marine Fish,core_table_1,Tholam (Plectorhinchus schotaf),Table 1,direct_extract,reviewed,
P083,P,Marine Fish,core_table_1,Tilapia (Oreochromis niloticus),Table 1,direct_extract,reviewed,
P084,P,Marine Fish,core_table_1,Tuna(Euthynnus affinis),Table 1,direct_extract,reviewed,
P085,P,Marine Fish,core_table_1,"Tuna, striped (Katsuwonus pelamis)",Table 1,direct_extract,reviewed,
P086,P,Marine Fish,core_table_1,Valava (Chirocentrus nudus),Table 1,direct_extract,reviewed,
P087,P,Marine Fish,core_table_1,Vanjaram (Scomberomorus commerson),Table 1,direct_extract,reviewed,
P088,P,Marine Fish,core_table_1,Vela meen (Aprion virescens),Table 1,direct_extract,reviewed,
P089,P,Marine Fish,core_table_1,Vora (Siganus javus),Table 1,direct_extract,reviewed,
P090,P,Marine Fish,core_table_1,Whale shark(Galeocerdo cuvier),Table 1,direct_extract,reviewed,
P091,P,Marine Fish,core_table_1,Xiphinis (Xiphias gladius),Table 1,direct_extract,reviewed,
P092,P,Marine Fish,core_table_1,"Eggs, Cat fish (Ompok bimaculatus)",Table 1,manual_reviewed_wrapped_row,reviewed,
Q001,Q,Marine Shellfish,core_table_1,Crab (Menippe mercenaria),Table 1,direct_extract,reviewed,
Q002,Q,Marine Shellfish,core_table_1,"Crab, sea (Portunus sanguinolentus)",Table 1,direct_extract,reviewed,
Q003,Q,Marine Shellfish,core_table_1,"Lobster, brown (Thenus orientalis)",Table 1,direct_extract,reviewed,
Q004,Q,Marine Shellfish,core_table_1,"Lobster, king size (Thenus orientalis)",Table 1,direct_extract,reviewed,
Q005,Q,Marine Shellfish,core_table_1,Mud crab (Scylla tranquebarica),Table 1,direct_extract,reviewed,
Q006,Q,Marine Shellfish,core_table_1,Oyster (Crassostrea sp.),Table 1,direct_extract,reviewed,
Q007,Q,Marine Shellfish,core_table_1,"Tiger prawns, brown (Solenocera crassicornis)",Table 1,direct_extract,reviewed,
Q008,Q,Marine Shellfish,core_table_1,"Tiger Prawns, orange (Penaeus monodon)",Table 1,direct_extract,reviewed,
R001,R,Marine Mollusks,core_table_1,"Clam, green shell (Perna viridis )",Table 1,direct_extract,reviewed,
R002,R,Marine Mollusks,core_table_1,"Clam, white shell, ribbed (Meretrix meretrix)",Table 1,direct_extract,reviewed,
R003,R,Marine Mollusks,core_table_1,Octopus (Octopus vulgaris),Table 1,direct_extract,reviewed,
R004,R,Marine Mollusks,core_table_1,"Squid, black (Loligo sp.)",Table 1,direct_extract,reviewed,
R005,R,Marine Mollusks,core_table_1,"Squid, hard shell (Sepia pharaonis)",Table 1,direct_extract,reviewed,
R006,R,Marine Mollusks,core_table_1,"Squid, red (Loligo duvaucelii)",Table 1,direct_extract,reviewed,
R007,R,Marine Mollusks,core_table_1,"Squid, white, small (Uroteuthis duvauceli)",Table 1,direct_extract,reviewed,
S001,S,Fresh Water Fish and Shellfish,core_table_1,Cat fish (Tandanus tandanus),Table 1,direct_extract,reviewed,
S002,S,Fresh Water Fish and Shellfish,core_table_1,Catla(Catla catla),Table 1,direct_extract,reviewed,
S003,S,Fresh Water Fish and Shellfish,core_table_1,Freshwater Eel (Anguilla anguilla),Table 1,direct_extract,reviewed,
S004,S,Fresh Water Fish and Shellfish,core_table_1,Gold fish (Carassius auratus),Table 1,direct_extract,reviewed,
S005,S,Fresh Water Fish and Shellfish,core_table_1,Pangas (Pangasianodon hypophthalmus),Table 1,direct_extract,reviewed,
S006,S,Fresh Water Fish and Shellfish,core_table_1,Rohu(Labeo rohita),Table 1,direct_extract,reviewed,
S007,S,Fresh Water Fish and Shellfish,core_table_1,Crab(Pachygrapsus sp.),Table 1,direct_extract,reviewed,
S008,S,Fresh Water Fish and Shellfish,core_table_1,"Prawns, big (Macrobrachium rosenbergii)",Table 1,direct_extract,reviewed,
S009,S,Fresh Water Fish and Shellfish,core_table_1,"Prawns, small (Macrobrachium sp.)",Table 1,direct_extract,reviewed,
S010,S,Fresh Water Fish and Shellfish,core_table_1,Tiger prawns (Macrobrachium sp.),Table 1,direct_extract,reviewed,
T001,T,Edible Oils and Fats,fatty_acid_table_12_only,Coconut oil,Table 12,manual_reviewed_table_12,reviewed,"Group T appears in fatty-acid tables, not Table 1."
T002,T,Edible Oils and Fats,fatty_acid_table_12_only,Corn oil,Table 12,manual_reviewed_table_12,reviewed,"Group T appears in fatty-acid tables, not Table 1."
T003,T,Edible Oils and Fats,fatty_acid_table_12_only,Cotton seed oil,Table 12,manual_reviewed_table_12,reviewed,"Group T appears in fatty-acid tables, not Table 1."
T004,T,Edible Oils and Fats,fatty_acid_table_12_only,Gingelly oil,Table 12,manual_reviewed_table_12,reviewed,"Group T appears in fatty-acid tables, not Table 1."
T005,T,Edible Oils and Fats,fatty_acid_table_12_only,Groundnut oil,Table 12,manual_reviewed_table_12,reviewed,"Group T appears in fatty-acid tables, not Table 1."
T006,T,Edible Oils and Fats,fatty_acid_table_12_only,Mustard oil,Table 12,manual_reviewed_table_12,reviewed,"Group T appears in fatty-acid tables, not Table 1."
T007,T,Edible Oils and Fats,fatty_acid_table_12_only,Palm oil,Table 12,manual_reviewed_table_12,reviewed,"Group T appears in fatty-acid tables, not Table 1."
T008,T,Edible Oils and Fats,fatty_acid_table_12_only,Rice bran oil,Table 12,manual_reviewed_table_12,reviewed,"Group T appears in fatty-acid tables, not Table 1."
T009,T,Edible Oils and Fats,fatty_acid_table_12_only,Safflower oil,Table 12,manual_reviewed_table_12,reviewed,"Group T appears in fatty-acid tables, not Table 1."
T010,T,Edible Oils and Fats,fatty_acid_table_12_only,Safflower oil (blended),Table 12,manual_reviewed_table_12,reviewed,"Group T appears in fatty-acid tables, not Table 1."
T011,T,Edible Oils and Fats,fatty_acid_table_12_only,Soyabean oil,Table 12,manual_reviewed_table_12,reviewed,"Group T appears in fatty-acid tables, not Table 1."
T012,T,Edible Oils and Fats,fatty_acid_table_12_only,Sunflower oil,Table 12,manual_reviewed_table_12,reviewed,"Group T appears in fatty-acid tables, not Table 1."
T013,T,Edible Oils and Fats,fatty_acid_table_12_only,Ghee,Table 12,manual_reviewed_table_12,reviewed,"Group T appears in fatty-acid tables, not Table 1."
T014,T,Edible Oils and Fats,fatty_acid_table_12_only,Vanaspati,Table 12,manual_reviewed_table_12,reviewed,"Group T appears in fatty-acid tables, not Table 1."
